{"1": {"global_step": 285, "best_epoch": 1, "acc": 0.3769230842590332, "best_acc": 0.3769230842590332, "loss": 2180.2606462445174, "epoch_time": 684.1297030448914}, "2": {"global_step": 570, "best_epoch": 1, "acc": 0.33076924085617065, "best_acc": 0.3769230842590332, "loss": 2141.6920258103755, "epoch_time": 682.1413629055023}, "3": {"global_step": 855, "best_epoch": 3, "acc": 0.4923076927661896, "best_acc": 0.4923076927661896, "loss": 1932.2761585257904, "epoch_time": 682.6999790668488}, "4": {"global_step": 1140, "best_epoch": 4, "acc": 0.5923076868057251, "best_acc": 0.5923076868057251, "loss": 1694.763742172509, "epoch_time": 683.5897064208984}, "5": {"global_step": 1425, "best_epoch": 4, "acc": 0.5769230723381042, "best_acc": 0.5923076868057251, "loss": 1512.0646461460046, "epoch_time": 687.9791970252991}, "6": {"global_step": 1710, "best_epoch": 6, "acc": 0.7153846025466919, "best_acc": 0.7153846025466919, "loss": 1365.5576713695862, "epoch_time": 684.2004084587097}, "7": {"global_step": 1995, "best_epoch": 6, "acc": 0.6461538672447205, "best_acc": 0.7153846025466919, "loss": 1248.5268125605762, "epoch_time": 680.217089176178}, "8": {"global_step": 2280, "best_epoch": 6, "acc": 0.6692307591438293, "best_acc": 0.7153846025466919, "loss": 1150.1152514407509, "epoch_time": 685.0399754047394}, "9": {"global_step": 2565, "best_epoch": 6, "acc": 0.6615384817123413, "best_acc": 0.7153846025466919, "loss": 1066.1829506738377, "epoch_time": 680.3700416088104}, "10": {"global_step": 2850, "best_epoch": 10, "acc": 0.7307692170143127, "best_acc": 0.7307692170143127, "loss": 344.6564674243592, "epoch_time": 686.1560392379761}, "11": {"global_step": 3135, "best_epoch": 10, "acc": 0.7153846025466919, "best_acc": 0.7307692170143127, "loss": 328.96416971307053, "epoch_time": 680.3313314914703}, "12": {"global_step": 3420, "best_epoch": 10, "acc": 0.6846153736114502, "best_acc": 0.7307692170143127, "loss": 315.4332400316383, "epoch_time": 676.9840760231018}, "13": {"global_step": 3705, "best_epoch": 10, "acc": 0.692307710647583, "best_acc": 0.7307692170143127, "loss": 302.0536665933174, "epoch_time": 677.7373068332672}, "14": {"global_step": 3990, "best_epoch": 10, "acc": 0.7230769395828247, "best_acc": 0.7307692170143127, "loss": 287.924841271116, "epoch_time": 677.6380715370178}, "15": {"global_step": 4275, "best_epoch": 15, "acc": 0.7538461685180664, "best_acc": 0.7538461685180664, "loss": 283.3791894165396, "epoch_time": 684.875247001648}, "16": {"global_step": 4560, "best_epoch": 15, "acc": 0.7307692170143127, "best_acc": 0.7538461685180664, "loss": 270.4033721044249, "epoch_time": 682.9760529994965}, "17": {"global_step": 4845, "best_epoch": 15, "acc": 0.7076923251152039, "best_acc": 0.7538461685180664, "loss": 258.6631015877975, "epoch_time": 687.4777455329895}, "18": {"global_step": 5130, "best_epoch": 15, "acc": 0.7153846025466919, "best_acc": 0.7538461685180664, "loss": 248.82794397960166, "epoch_time": 682.758398771286}, "19": {"global_step": 5415, "best_epoch": 19, "acc": 0.7923076748847961, "best_acc": 0.7923076748847961, "loss": 239.64237926817776, "epoch_time": 683.78049659729}, "20": {"global_step": 5700, "best_epoch": 19, "acc": 0.6846153736114502, "best_acc": 0.7923076748847961, "loss": 231.32399719578987, "epoch_time": 684.7443265914917}, "21": {"global_step": 5985, "best_epoch": 19, "acc": 0.7846153974533081, "best_acc": 0.7923076748847961, "loss": 128.23041288141619, "epoch_time": 690.5998034477234}, "22": {"global_step": 6270, "best_epoch": 19, "acc": 0.7076923251152039, "best_acc": 0.7923076748847961, "loss": 141.47480004293877, "epoch_time": 691.6072728633881}, "23": {"global_step": 6555, "best_epoch": 19, "acc": 0.7153846025466919, "best_acc": 0.7923076748847961, "loss": 136.0244513171458, "epoch_time": 690.3428740501404}, "24": {"global_step": 6840, "best_epoch": 19, "acc": 0.7076923251152039, "best_acc": 0.7923076748847961, "loss": 133.42695776956123, "epoch_time": 689.5814275741577}, "25": {"global_step": 7125, "best_epoch": 19, "acc": 0.7307692170143127, "best_acc": 0.7923076748847961, "loss": 128.2266779715555, "epoch_time": 684.8130581378937}, "26": {"global_step": 7410, "best_epoch": 19, "acc": 0.7153846025466919, "best_acc": 0.7923076748847961, "loss": 126.21200701395671, "epoch_time": 689.8352768421173}, "27": {"global_step": 7695, "best_epoch": 19, "acc": 0.7769230604171753, "best_acc": 0.7923076748847961, "loss": 122.03085812446767, "epoch_time": 688.6825566291809}, "28": {"global_step": 7980, "best_epoch": 19, "acc": 0.7230769395828247, "best_acc": 0.7923076748847961, "loss": 118.4691244610569, "epoch_time": 684.9279899597168}, "29": {"global_step": 8265, "best_epoch": 19, "acc": 0.7076923251152039, "best_acc": 0.7923076748847961, "loss": 116.80497776648687, "epoch_time": 683.6995215415955}, "30": {"global_step": 8550, "best_epoch": 19, "acc": 0.699999988079071, "best_acc": 0.7923076748847961, "loss": 114.42688158403364, "epoch_time": 684.3164179325104}, "31": {"global_step": 8835, "best_epoch": 19, "acc": 0.7307692170143127, "best_acc": 0.7923076748847961, "loss": 112.22589146250553, "epoch_time": 685.0660617351532}, "32": {"global_step": 9120, "best_epoch": 19, "acc": 0.7538461685180664, "best_acc": 0.7923076748847961, "loss": 111.30864094405146, "epoch_time": 688.2246496677399}, "33": {"global_step": 9405, "best_epoch": 33, "acc": 0.800000011920929, "best_acc": 0.800000011920929, "loss": 108.64363039662803, "epoch_time": 687.1570587158203}, "34": {"global_step": 9690, "best_epoch": 33, "acc": 0.7923076748847961, "best_acc": 0.800000011920929, "loss": 105.68031921960358, "epoch_time": 686.9018642902374}, "35": {"global_step": 9975, "best_epoch": 33, "acc": 0.7846153974533081, "best_acc": 0.800000011920929, "loss": 103.77938891851414, "epoch_time": 690.031836271286}, "36": {"global_step": 10260, "best_epoch": 33, "acc": 0.7846153974533081, "best_acc": 0.800000011920929, "loss": 85.30760087130362, "epoch_time": 683.9325232505798}, "37": {"global_step": 10545, "best_epoch": 33, "acc": 0.7384615540504456, "best_acc": 0.800000011920929, "loss": 74.80906112068578, "epoch_time": 676.838461637497}, "38": {"global_step": 10830, "best_epoch": 33, "acc": 0.7461538314819336, "best_acc": 0.800000011920929, "loss": 67.62849273458559, "epoch_time": 685.863498210907}, "39": {"global_step": 11115, "best_epoch": 33, "acc": 0.7307692170143127, "best_acc": 0.800000011920929, "loss": 71.66886472032782, "epoch_time": 682.5389149188995}, "40": {"global_step": 11400, "best_epoch": 33, "acc": 0.7307692170143127, "best_acc": 0.800000011920929, "loss": 72.2825876697741, "epoch_time": 678.8916347026825}, "41": {"global_step": 11685, "best_epoch": 33, "acc": 0.7461538314819336, "best_acc": 0.800000011920929, "loss": 69.9470523521914, "epoch_time": 688.041188955307}, "42": {"global_step": 11970, "best_epoch": 33, "acc": 0.7384615540504456, "best_acc": 0.800000011920929, "loss": 69.15865608731607, "epoch_time": 681.4251575469971}, "43": {"global_step": 12255, "best_epoch": 33, "acc": 0.7461538314819336, "best_acc": 0.800000011920929, "loss": 68.10179852435463, "epoch_time": 682.4505658149719}, "44": {"global_step": 12540, "best_epoch": 33, "acc": 0.692307710647583, "best_acc": 0.800000011920929, "loss": 67.29419355262326, "epoch_time": 682.4746940135956}, "45": {"global_step": 12825, "best_epoch": 33, "acc": 0.7769230604171753, "best_acc": 0.800000011920929, "loss": 65.53929361042223, "epoch_time": 683.3105380535126}, "46": {"global_step": 13110, "best_epoch": 33, "acc": 0.7076923251152039, "best_acc": 0.800000011920929, "loss": 64.59862142681506, "epoch_time": 685.7115712165833}, "47": {"global_step": 13395, "best_epoch": 33, "acc": 0.7538461685180664, "best_acc": 0.800000011920929, "loss": 65.3320818889908, "epoch_time": 680.1589653491974}, "48": {"global_step": 13680, "best_epoch": 33, "acc": 0.800000011920929, "best_acc": 0.800000011920929, "loss": 64.23313835288188, "epoch_time": 680.6514911651611}, "49": {"global_step": 13965, "best_epoch": 33,