{"1": {"global_step": 285, "best_epoch": 1, "acc": 0.3769230842590332, "best_acc": 0.3769230842590332, "loss": 2180.2606462445174, "epoch_time": 689.1660137176514}, "2": {"global_step": 570, "best_epoch": 1, "acc": 0.33076924085617065, "best_acc": 0.3769230842590332, "loss": 2141.6920258103755, "epoch_time": 679.0728008747101}, "3": {"global_step": 855, "best_epoch": 3, "acc": 0.4923076927661896, "best_acc": 0.4923076927661896, "loss": 1932.2761585257904, "epoch_time": 681.736846446991}, "4": {"global_step": 1140, "best_epoch": 4, "acc": 0.5923076868057251, "best_acc": 0.5923076868057251, "loss": 1694.763742172509, "epoch_time": 678.6515617370605}, "5": {"global_step": 1425, "best_epoch": 4, "acc": 0.5769230723381042, "best_acc": 0.5923076868057251, "loss": 1512.0646461460046, "epoch_time": 681.1804015636444}, "6": {"global_step": 1710, "best_epoch": 6, "acc": 0.7153846025466919, "best_acc": 0.7153846025466919, "loss": 1365.5576713695862, "epoch_time": 680.0547397136688}, "7": {"global_step": 1995, "best_epoch": 6, "acc": 0.6461538672447205, "best_acc": 0.7153846025466919, "loss": 1248.5268125605762, "epoch_time": 676.5517725944519}, "8": {"global_step": 2280, "best_epoch": 6, "acc": 0.6692307591438293, "best_acc": 0.7153846025466919, "loss": 1150.1152514407509, "epoch_time": 678.229474067688}, "9": {"global_step": 2565, "best_epoch": 9, "acc": 0.7461538314819336, "best_acc": 0.7461538314819336, "loss": 391.7890235231634, "epoch_time": 694.1348700523376}, "10": {"global_step": 2850, "best_epoch": 9, "acc": 0.7076923251152039, "best_acc": 0.7461538314819336, "loss": 369.2577262744569, "epoch_time": 683.4895548820496}, "11": {"global_step": 3135, "best_epoch": 11, "acc": 0.7615384459495544, "best_acc": 0.7615384459495544, "loss": 349.87706484432107, "epoch_time": 696.452672958374}, "12": {"global_step": 3420, "best_epoch": 11, "acc": 0.7230769395828247, "best_acc": 0.7615384459495544, "loss": 332.3614394873903, "epoch_time": 705.832484960556}, "13": {"global_step": 3705, "best_epoch": 11, "acc": 0.7230769395828247, "best_acc": 0.7615384459495544, "loss": 315.90370140744926, "epoch_time": 677.5318846702576}, "14": {"global_step": 3990, "best_epoch": 11, "acc": 0.7230769395828247, "best_acc": 0.7615384459495544, "loss": 304.9430946216249, "epoch_time": 678.8697474002838}, "15": {"global_step": 4275, "best_epoch": 11, "acc": 0.6692307591438293, "best_acc": 0.7615384459495544, "loss": 291.8120391157337, "epoch_time": 681.4143579006195}, "16": {"global_step": 4560, "best_epoch": 11, "acc": 0.7538461685180664, "best_acc": 0.7615384459495544, "loss": 279.7406688087865, "epoch_time": 678.7667150497437}, "17": {"global_step": 4845, "best_epoch": 11, "acc": 0.699999988079071, "best_acc": 0.7615384459495544, "loss": 267.6443229214257, "epoch_time": 681.6551659107208}, "18": {"global_step": 5130, "best_epoch": 18, "acc": 0.800000011920929, "best_acc": 0.800000011920929, "loss": 258.04235912657623, "epoch_time": 696.7797665596008}, "19": {"global_step": 5415, "best_epoch": 18, "acc": 0.692307710647583, "best_acc": 0.800000011920929, "loss": 248.63889440752482, "epoch_time": 673.1380593776703}, "20": {"global_step": 5700, "best_epoch": 20, "acc": 0.8153846263885498, "best_acc": 0.8153846263885498, "loss": 240.72329698306078, "epoch_time": 672.5954236984253}, "21": {"global_step": 5985, "best_epoch": 20, "acc": 0.7846153974533081, "best_acc": 0.8153846263885498, "loss": 232.7328401614458, "epoch_time": 680.4084696769714}, "22": {"global_step": 6270, "best_epoch": 20, "acc": 0.699999988079071, "best_acc": 0.8153846263885498, "loss": 224.94625838621516, "epoch_time": 679.3297002315521}, "23": {"global_step": 6555, "best_epoch": 20, "acc": 0.7615384459495544, "best_acc": 0.8153846263885498, "loss": 218.38653779860826, "epoch_time": 683.263224363327}, "24": {"global_step": 6840, "best_epoch": 20, "acc": 0.7615384459495544, "best_acc": 0.8153846263885498, "loss": 211.62919343647204, "epoch_time": 680.8236193656921}, "25": {"global_step": 7125, "best_epoch": 20, "acc": 0.7769230604171753, "best_acc": 0.8153846263885498, "loss": 205.90512118423194, "epoch_time": 678.6487696170807}, "26": {"global_step": 7410, "best_epoch": 20, "acc": 0.7538461685180664, "best_acc": 0.8153846263885498, "loss": 200.48252023767543, "epoch_time": 675.4524345397949}, "27": {"global_step": 7695, "best_epoch": 20, "acc": 0.692307710647583, "best_acc": 0.8153846263885498, "loss": 195.47996776225054, "epoch_time": 670.120683670044}, "28": {"global_step": 7980, "best_epoch": 20, "acc": 0.7307692170143127, "best_acc": 0.8153846263885498, "loss": 190.5561416866905, "epoch_time": 681.095134973526}, "29": {"global_step": 8265, "best_epoch": 20, "acc": 0.7307692170143127, "best_acc": 0.8153846263885498, "loss": 185.92145120976065, "epoch_time": 676.4468388557434}, "30": {"global_step": 8550, "best_epoch": 20, "acc": 0.7846153974533081, "best_acc": 0.8153846263885498, "loss": 91.54997680396365, "epoch_time": 690.7884526252747}, "31": {"global_step": 8835, "best_epoch": 20, "acc": 0.699999988079071, "best_acc": 0.8153846263885498, "loss": 92.5443440320199, "epoch_time": 678.7489924430847}, "32": {"global_step": 9120, "best_epoch": 20, "acc": 0.7384615540504456, "best_acc": 0.8153846263885498, "loss": 87.47364625763475, "epoch_time": 682.7837769985199}, "33": {"global_step": 9405, "best_epoch": 20, "acc": 0.7384615540504456, "best_acc": 0.8153846263885498, "loss": 84.02453248542652, "epoch_time": 680.3755118846893}, "34": {"global_step": 9690, "best_epoch": 20, "acc": 0.7307692170143127, "best_acc": 0.8153846263885498, "loss": 96.11863289280942, "epoch_time": 680.3199284076691}, "35": {"global_step": 9975, "best_epoch": 20, "acc": 0.7153846025466919, "best_acc": 0.8153846263885498, "loss": 92.80261384841295, "epoch_time": 680.7759323120117}, "36": {"global_step": 10260, "best_epoch": 20, "acc": 0.692307710647583, "best_acc": 0.8153846263885498, "loss": 91.06086502840047, "epoch_time": 682.6097536087036}, "37": {"global_step": 10545, "best_epoch": 20, "acc": 0.7384615540504456, "best_acc": 0.8153846263885498, "loss": 87.26354434699343, "epoch_time": 681.8574168682098}, "38": {"global_step": 10830, "best_epoch": 20, "acc": 0.7461538314819336, "best_acc": 0.8153846263885498, "loss": 84.19026087115847, "epoch_time": 678.0880317687988}, "39": {"global_step": 11115, "best_epoch": 20, "acc": 0.7923076748847961, "best_acc": 0.8153846263885498, "loss": 81.25689737554183, "epoch_time": 679.9136831760406}, "40": {"global_step": 11400, "best_epoch": 20, "acc": 0.7538461685180664, "best_acc": 0.8153846263885498, "loss": 64.04180274427983, "epoch_time": 704.163138628006}, "41": {"global_step": 11685, "best_epoch": 20, "acc": 0.7076923251152039, "best_acc": 0.8153846263885498, "loss": 65.15246205915484, "epoch_time": 682.3487513065338}, "42": {"global_step": 11970, "best_epoch": 20, "acc": 0.7230769395828247, "best_acc": 0.8153846263885498, "loss": 61.861893648292586, "epoch_time": 680.8149812221527}, "43": {"global_step": 12255, "best_epoch": 20, "acc": 0.699999988079071, "best_acc": 0.8153846263885498, "loss": 62.75704487917716, "epoch_time": 681.8421943187714}, "44": {"global_step": 12540, "best_epoch": 20, "acc": 0.7230769395828247, "best_acc": 0.8153846263885498, "loss": 66.80205721537273, "epoch_time": 678.9462385177612}, "45": {"global_step": 12825, "best_epoch": 20, "acc": 0.7615384459495544, "best_acc": 0.8153846263885498, "loss": 66.93584552341038, "epoch_time": 685.3175301551819}, "46": {"global_step": 13110, "best_epoch": 20, "acc": 0.7307692170143127, "best_acc": 0.8153846263885498, "loss": 65.40228353801527, "epoch_time": 680.742800951004}, "47": {"global_step": 13395, "best_epoch": 20, "acc": 0.800000011920929, "best_acc": 0.8153846263885498, "loss": 63.41547568471808, "epoch_time": 683.9633877277374}, "48": {"global_step": 13680, "best_epoch": 20, "acc": 0.7461538314819336, "best_acc": 0.8153846263885498, "loss": 61.689578320687275, "epoch_time": 679.0842044353485}, "49": {"global_step": 13965,