{"1": {"global_step": 285, "best_epoch": 1, "acc": 0.3769230842590332, "best_acc": 0.3769230842590332, "loss": 2180.2606462445174, "epoch_time": 685.4562773704529}, "2": {"global_step": 570, "best_epoch": 1, "acc": 0.33076924085617065, "best_acc": 0.3769230842590332, "loss": 2141.6920258103755, "epoch_time": 677.5928440093994}, "3": {"global_step": 855, "best_epoch": 3, "acc": 0.4923076927661896, "best_acc": 0.4923076927661896, "loss": 1932.2761585257904, "epoch_time": 677.8244256973267}, "4": {"global_step": 1140, "best_epoch": 4, "acc": 0.5923076868057251, "best_acc": 0.5923076868057251, "loss": 1694.763742172509, "epoch_time": 676.5416722297668}, "5": {"global_step": 1425, "best_epoch": 4, "acc": 0.5769230723381042, "best_acc": 0.5923076868057251, "loss": 1512.0646461460046, "epoch_time": 680.1745026111603}, "6": {"global_step": 1710, "best_epoch": 6, "acc": 0.7153846025466919, "best_acc": 0.7153846025466919, "loss": 1365.5576713695862, "epoch_time": 678.5795495510101}, "7": {"global_step": 1995, "best_epoch": 6, "acc": 0.6461538672447205, "best_acc": 0.7153846025466919, "loss": 1248.5268125605762, "epoch_time": 698.337780714035}, "8": {"global_step": 2280, "best_epoch": 6, "acc": 0.6692307591438293, "best_acc": 0.7153846025466919, "loss": 1150.1152514407509, "epoch_time": 681.4157128334045}, "9": {"global_step": 2565, "best_epoch": 6, "acc": 0.6615384817123413, "best_acc": 0.7153846025466919, "loss": 1066.1829506738377, "epoch_time": 681.7094049453735}, "10": {"global_step": 2850, "best_epoch": 10, "acc": 0.7615384459495544, "best_acc": 0.7615384459495544, "loss": 994.4391687761273, "epoch_time": 675.4641349315643}, "11": {"global_step": 3135, "best_epoch": 10, "acc": 0.7153846025466919, "best_acc": 0.7615384459495544, "loss": 932.1812417013604, "epoch_time": 677.7354667186737}, "12": {"global_step": 3420, "best_epoch": 10, "acc": 0.7230769395828247, "best_acc": 0.7615384459495544, "loss": 878.1637584753204, "epoch_time": 681.4145755767822}, "13": {"global_step": 3705, "best_epoch": 13, "acc": 0.7923076748847961, "best_acc": 0.7923076748847961, "loss": 830.0220698224066, "epoch_time": 677.2522192001343}, "14": {"global_step": 3990, "best_epoch": 13, "acc": 0.7153846025466919, "best_acc": 0.7923076748847961, "loss": 787.8942279672265, "epoch_time": 679.9152150154114}, "15": {"global_step": 4275, "best_epoch": 13, "acc": 0.7846153974533081, "best_acc": 0.7923076748847961, "loss": 749.7358294249417, "epoch_time": 678.7671048641205}, "16": {"global_step": 4560, "best_epoch": 13, "acc": 0.7076923251152039, "best_acc": 0.7923076748847961, "loss": 715.7983984261228, "epoch_time": 676.112301826477}, "17": {"global_step": 4845, "best_epoch": 13, "acc": 0.7307692170143127, "best_acc": 0.7923076748847961, "loss": 684.3138091773318, "epoch_time": 674.0804617404938}, "18": {"global_step": 5130, "best_epoch": 13, "acc": 0.7384615540504456, "best_acc": 0.7923076748847961, "loss": 655.8461692869547, "epoch_time": 682.7390539646149}, "19": {"global_step": 5415, "best_epoch": 13, "acc": 0.7153846025466919, "best_acc": 0.7923076748847961, "loss": 629.8970404810742, "epoch_time": 681.8246986865997}, "20": {"global_step": 5700, "best_epoch": 13, "acc": 0.7538461685180664, "best_acc": 0.7923076748847961, "loss": 605.6208779786763, "epoch_time": 676.7071800231934}, "21": {"global_step": 5985, "best_epoch": 21, "acc": 0.807692289352417, "best_acc": 0.807692289352417, "loss": 140.57033257735404, "epoch_time": 680.4441854953766}, "22": {"global_step": 6270, "best_epoch": 21, "acc": 0.7230769395828247, "best_acc": 0.807692289352417, "loss": 133.4566914608604, "epoch_time": 677.9794101715088}, "23": {"global_step": 6555, "best_epoch": 21, "acc": 0.6538461446762085, "best_acc": 0.807692289352417, "loss": 131.52455614324202, "epoch_time": 676.6685767173767}, "24": {"global_step": 6840, "best_epoch": 21, "acc": 0.7461538314819336, "best_acc": 0.807692289352417, "loss": 127.68916012278774, "epoch_time": 677.574985742569}, "25": {"global_step": 7125, "best_epoch": 21, "acc": 0.7461538314819336, "best_acc": 0.807692289352417, "loss": 123.35516003792746, "epoch_time": 677.2631115913391}, "26": {"global_step": 7410, "best_epoch": 21, "acc": 0.7461538314819336, "best_acc": 0.807692289352417, "loss": 120.77858607197365, "epoch_time": 679.928286075592}, "27": {"global_step": 7695, "best_epoch": 21, "acc": 0.7461538314819336, "best_acc": 0.807692289352417, "loss": 118.1469564968482, "epoch_time": 678.7007293701172}, "28": {"global_step": 7980, "best_epoch": 21, "acc": 0.7153846025466919, "best_acc": 0.807692289352417, "loss": 116.40687998052229, "epoch_time": 681.4325478076935}, "29": {"global_step": 8265, "best_epoch": 21, "acc": 0.7230769395828247, "best_acc": 0.807692289352417, "loss": 112.92995879859255, "epoch_time": 680.5517365932465}, "30": {"global_step": 8550, "best_epoch": 21, "acc": 0.7230769395828247, "best_acc": 0.807692289352417, "loss": 110.8567733965422, "epoch_time": 678.6158962249756}, "31": {"global_step": 8835, "best_epoch": 21, "acc": 0.7307692170143127, "best_acc": 0.807692289352417, "loss": 108.84538486730159, "epoch_time": 678.8106954097748}, "32": {"global_step": 9120, "best_epoch": 21, "acc": 0.800000011920929, "best_acc": 0.807692289352417, "loss": 106.66230725293968, "epoch_time": 684.6199259757996}, "33": {"global_step": 9405, "best_epoch": 21, "acc": 0.7538461685180664, "best_acc": 0.807692289352417, "loss": 104.19002775328684, "epoch_time": 686.0916032791138}, "34": {"global_step": 9690, "best_epoch": 21, "acc": 0.7615384459495544, "best_acc": 0.807692289352417, "loss": 101.98392043962215, "epoch_time": 684.3939001560211}, "35": {"global_step": 9975, "best_epoch": 21, "acc": 0.7923076748847961, "best_acc": 0.807692289352417, "loss": 100.82699648182295, "epoch_time": 682.4765093326569}, "36": {"global_step": 10260, "best_epoch": 21, "acc": 0.7384615540504456, "best_acc": 0.807692289352417, "loss": 99.57202099415294, "epoch_time": 682.2912094593048}, "37": {"global_step": 10545, "best_epoch": 21, "acc": 0.7461538314819336, "best_acc": 0.807692289352417, "loss": 97.86064030949423, "epoch_time": 679.6894652843475}, "38": {"global_step": 10830, "best_epoch": 21, "acc": 0.7461538314819336, "best_acc": 0.807692289352417, "loss": 95.82366421645612, "epoch_time": 684.066034078598}, "39": {"global_step": 11115, "best_epoch": 21, "acc": 0.6846153736114502, "best_acc": 0.807692289352417, "loss": 96.99956886629649, "epoch_time": 684.536878824234}, "40": {"global_step": 11400, "best_epoch": 21, "acc": 0.7461538314819336, "best_acc": 0.807692289352417, "loss": 95.71019554773966, "epoch_time": 682.1386971473694}, "41": {"global_step": 11685, "best_epoch": 21, "acc": 0.6769230961799622, "best_acc": 0.807692289352417, "loss": 93.69223052704444, "epoch_time": 679.5650548934937}, "42": {"global_step": 11970, "best_epoch": 21, "acc": 0.7846153974533081, "best_acc": 0.807692289352417, "loss": 91.99107607973819, "epoch_time": 682.3912904262543}, "43": {"global_step": 12255, "best_epoch": 21, "acc": 0.7846153974533081, "best_acc": 0.807692289352417, "loss": 51.53303962841368, "epoch_time": 686.6850836277008}, "44": {"global_step": 12540, "best_epoch": 21, "acc": 0.692307710647583, "best_acc": 0.807692289352417, "loss": 52.646233752735874, "epoch_time": 691.3179569244385}, "45": {"global_step": 12825, "best_epoch": 21, "acc": 0.7923076748847961, "best_acc": 0.807692289352417, "loss": 54.43615257977045, "epoch_time": 688.7022116184235}, "46": {"global_step": 13110, "best_epoch": 21, "acc": 0.7384615540504456, "best_acc": 0.807692289352417, "loss": 54.008199250070675, "epoch_time": 690.5727150440216}, "47": {"global_step": 13395, "best_epoch": 21, "acc": 0.7384615540504456, "best_acc": 0.807692289352417, "loss": 53.003970487494215, "epoch_time": 681.8620963096619}, "48": {"global_step": 13680, "best_epoch": 21, "acc": 0.6692307591438293, "best_acc": 0.807692289352417, "loss": 50.99400842008535, "epoch_time": 679.6045515537262}, "49": {"global_step": 13965, "best_epoch": 21,