{"1": {"global_step": 285, "best_epoch": 1, "acc": 0.3769230842590332, "best_acc": 0.3769230842590332, "loss": 2268.8078399122805, "epoch_time": 681.0233707427979}, "2": {"global_step": 570, "best_epoch": 2, "acc": 0.39230769872665405, "best_acc": 0.39230769872665405, "loss": 2230.0421412417763, "epoch_time": 693.0243830680847}, "3": {"global_step": 855, "best_epoch": 3, "acc": 0.4076923131942749, "best_acc": 0.4076923131942749, "loss": 2217.119938293814, "epoch_time": 682.718807220459}, "4": {"global_step": 1140, "best_epoch": 4, "acc": 0.446153849363327, "best_acc": 0.446153849363327, "loss": 2163.2626394171466, "epoch_time": 684.150915145874}, "5": {"global_step": 1425, "best_epoch": 4, "acc": 0.38461539149284363, "best_acc": 0.446153849363327, "loss": 2083.1728630413927, "epoch_time": 681.6181910037994}, "6": {"global_step": 1710, "best_epoch": 4, "acc": 0.4076923131942749, "best_acc": 0.446153849363327, "loss": 2006.4782803362573, "epoch_time": 682.1159994602203}, "7": {"global_step": 1995, "best_epoch": 4, "acc": 0.39230769872665405, "best_acc": 0.446153849363327, "loss": 1927.7705844812226, "epoch_time": 676.4566924571991}, "8": {"global_step": 2280, "best_epoch": 8, "acc": 0.45384615659713745, "best_acc": 0.45384615659713745, "loss": 1850.201696322257, "epoch_time": 680.1935656070709}, "9": {"global_step": 2565, "best_epoch": 9, "acc": 0.5461538434028625, "best_acc": 0.5461538434028625, "loss": 1778.1999945508574, "epoch_time": 676.0644681453705}, "10": {"global_step": 2850, "best_epoch": 9, "acc": 0.4615384638309479, "best_acc": 0.5461538434028625, "loss": 1712.974961901213, "epoch_time": 679.9805061817169}, "11": {"global_step": 3135, "best_epoch": 9, "acc": 0.5461538434028625, "best_acc": 0.5461538434028625, "loss": 1653.6958656323204, "epoch_time": 679.3023946285248}, "12": {"global_step": 3420, "best_epoch": 9, "acc": 0.5461538434028625, "best_acc": 0.5461538434028625, "loss": 1599.499261331837, "epoch_time": 680.2666056156158}, "13": {"global_step": 3705, "best_epoch": 9, "acc": 0.5461538434028625, "best_acc": 0.5461538434028625, "loss": 1547.4745873661016, "epoch_time": 678.5865461826324}, "14": {"global_step": 3990, "best_epoch": 9, "acc": 0.4923076927661896, "best_acc": 0.5461538434028625, "loss": 1498.7919613486843, "epoch_time": 679.4026546478271}, "15": {"global_step": 4275, "best_epoch": 15, "acc": 0.5846154093742371, "best_acc": 0.5846154093742371, "loss": 1453.3546719806516, "epoch_time": 678.6779661178589}, "16": {"global_step": 4560, "best_epoch": 15, "acc": 0.5615384578704834, "best_acc": 0.5846154093742371, "loss": 1410.4754260012978, "epoch_time": 678.5870969295502}, "17": {"global_step": 4845, "best_epoch": 15, "acc": 0.5846154093742371, "best_acc": 0.5846154093742371, "loss": 1369.177981690209, "epoch_time": 677.0465571880341}, "18": {"global_step": 5130, "best_epoch": 15, "acc": 0.5615384578704834, "best_acc": 0.5846154093742371, "loss": 1330.671081763076, "epoch_time": 681.7175922393799}, "19": {"global_step": 5415, "best_epoch": 19, "acc": 0.5923076868057251, "best_acc": 0.5923076868057251, "loss": 1294.0470832465428, "epoch_time": 679.2350296974182}, "20": {"global_step": 5700, "best_epoch": 20, "acc": 0.6384615302085876, "best_acc": 0.6384615302085876, "loss": 1258.4387972112288, "epoch_time": 679.0739395618439}, "21": {"global_step": 5985, "best_epoch": 20, "acc": 0.6307692527770996, "best_acc": 0.6384615302085876, "loss": 1224.7813104997601, "epoch_time": 679.9333429336548}, "22": {"global_step": 6270, "best_epoch": 20, "acc": 0.607692301273346, "best_acc": 0.6384615302085876, "loss": 1192.3164397073895, "epoch_time": 682.932122707367}, "23": {"global_step": 6555, "best_epoch": 20, "acc": 0.5307692289352417, "best_acc": 0.6384615302085876, "loss": 1161.5079623364202, "epoch_time": 682.5373904705048}, "24": {"global_step": 6840, "best_epoch": 20, "acc": 0.5307692289352417, "best_acc": 0.6384615302085876, "loss": 1132.3331718801755, "epoch_time": 680.5151793956757}, "25": {"global_step": 7125, "best_epoch": 20, "acc": 0.607692301273346, "best_acc": 0.6384615302085876, "loss": 1104.293454088713, "epoch_time": 680.0253028869629}, "26": {"global_step": 7410, "best_epoch": 20, "acc": 0.5538461804389954, "best_acc": 0.6384615302085876, "loss": 1077.4831352903132, "epoch_time": 681.0438652038574}, "27": {"global_step": 7695, "best_epoch": 20, "acc": 0.5384615659713745, "best_acc": 0.6384615302085876, "loss": 1051.93226205133, "epoch_time": 685.2438187599182}, "28": {"global_step": 7980, "best_epoch": 20, "acc": 0.5461538434028625, "best_acc": 0.6384615302085876, "loss": 1027.587392557474, "epoch_time": 680.5004653930664}, "29": {"global_step": 8265, "best_epoch": 20, "acc": 0.5384615659713745, "best_acc": 0.6384615302085876, "loss": 1003.8028022226101, "epoch_time": 680.2844734191895}, "30": {"global_step": 8550, "best_epoch": 20, "acc": 0.45384615659713745, "best_acc": 0.6384615302085876, "loss": 980.6339054683217, "epoch_time": 682.8606824874878}, "31": {"global_step": 8835, "best_epoch": 20, "acc": 0.5538461804389954, "best_acc": 0.6384615302085876, "loss": 959.1682545582588, "epoch_time": 680.1307723522186}, "32": {"global_step": 9120, "best_epoch": 20, "acc": 0.5615384578704834, "best_acc": 0.6384615302085876, "loss": 288.5662632456997, "epoch_time": 682.9588701725006}, "33": {"global_step": 9405, "best_epoch": 20, "acc": 0.5307692289352417, "best_acc": 0.6384615302085876, "loss": 275.355607256973, "epoch_time": 681.6212995052338}, "34": {"global_step": 9690, "best_epoch": 20, "acc": 0.5307692289352417, "best_acc": 0.6384615302085876, "loss": 266.3040199859798, "epoch_time": 677.2934169769287}, "35": {"global_step": 9975, "best_epoch": 20, "acc": 0.5076923370361328, "best_acc": 0.6384615302085876, "loss": 263.70427187200175, "epoch_time": 679.185084104538}, "36": {"global_step": 10260, "best_epoch": 20, "acc": 0.5076923370361328, "best_acc": 0.6384615302085876, "loss": 254.69781438994826, "epoch_time": 679.829904794693}, "37": {"global_step": 10545, "best_epoch": 20, "acc": 0.5538461804389954, "best_acc": 0.6384615302085876, "loss": 245.78660674067268, "epoch_time": 674.5463638305664}, "38": {"global_step": 10830, "best_epoch": 20, "acc": 0.5692307949066162, "best_acc": 0.6384615302085876, "loss": 240.99804945254982, "epoch_time": 678.1176884174347}, "39": {"global_step": 11115, "best_epoch": 20, "acc": 0.607692301273346, "best_acc": 0.6384615302085876, "loss": 233.58725880070736, "epoch_time": 678.4645555019379}, "40": {"global_step": 11400, "best_epoch": 20, "acc": 0.5692307949066162, "best_acc": 0.6384615302085876, "loss": 227.61070384421544, "epoch_time": 678.3795547485352}, "41": {"global_step": 11685, "best_epoch": 20, "acc": 0.6153846383094788, "best_acc": 0.6384615302085876, "loss": 221.83346370228548, "epoch_time": 676.3302187919617}, "42": {"global_step": 11970, "best_epoch": 20, "acc": 0.5076923370361328, "best_acc": 0.6384615302085876, "loss": 155.0108249061986, "epoch_time": 691.8280069828033}, "43": {"global_step": 12255, "best_epoch": 20, "acc": 0.5615384578704834, "best_acc": 0.6384615302085876, "loss": 158.36264068871213, "epoch_time": 677.4537606239319}, "44": {"global_step": 12540, "best_epoch": 20, "acc": 0.5153846144676208, "best_acc": 0.6384615302085876, "loss": 157.2030692741885, "epoch_time": 682.4459707736969}, "45": {"global_step": 12825, "best_epoch": 20, "acc": 0.5384615659713745, "best_acc": 0.6384615302085876, "loss": 156.19563734489574, "epoch_time": 674.3731579780579}, "46": {"global_step": 13110, "best_epoch": 20, "acc": 0.5076923370361328, "best_acc": 0.6384615302085876, "loss": 154.22961781284266, "epoch_time": 673.8968431949615}, "47": {"global_step": 13395, "best_epoch": 20, "acc": 0.5461538434028625, "best_acc": 0.6384615302085876, "loss": 152.51473070111192, "epoch_time": 676.6193664073944}, "48": {"global_step": 13680, "best_epoch": 20, "acc": 0.4615384638309479, "best_acc": 0.6384615302085876, "loss": 148.5110851928405, "epoch_time": 681.6739053726196},