{"1": {"global_step": 380, "best_epoch": 1, "acc": 1.0, "best_acc": 1.0, "loss": 1.6174284880882814, "epoch_time": 748.7584517002106}}