{"1": {"global_step": 285, "best_epoch": 1, "acc": 0.3769230842590332, "best_acc": 0.3769230842590332, "loss": 2180.2606462445174, "epoch_time": 684.0687158107758}, "2": {"global_step": 570, "best_epoch": 1, "acc": 0.33076924085617065, "best_acc": 0.3769230842590332, "loss": 2141.6920258103755, "epoch_time": 690.328937292099}, "3": {"global_step": 855, "best_epoch": 3, "acc": 0.4923076927661896, "best_acc": 0.4923076927661896, "loss": 1932.2761585257904, "epoch_time": 687.241767168045}, "4": {"global_step": 1140, "best_epoch": 4, "acc": 0.5923076868057251, "best_acc": 0.5923076868057251, "loss": 1694.763742172509, "epoch_time": 685.8808872699738}, "5": {"global_step": 1425, "best_epoch": 4, "acc": 0.5769230723381042, "best_acc": 0.5923076868057251, "loss": 1512.0646461460046, "epoch_time": 686.9140810966492}, "6": {"global_step": 1710, "best_epoch": 6, "acc": 0.7153846025466919, "best_acc": 0.7153846025466919, "loss": 1365.5576713695862, "epoch_time": 688.8307597637177}, "7": {"global_step": 1995, "best_epoch": 6, "acc": 0.6461538672447205, "best_acc": 0.7153846025466919, "loss": 1248.5268125605762, "epoch_time": 684.0109457969666}, "8": {"global_step": 2280, "best_epoch": 6, "acc": 0.6692307591438293, "best_acc": 0.7153846025466919, "loss": 1150.1152514407509, "epoch_time": 690.5556721687317}, "9": {"global_step": 2565, "best_epoch": 6, "acc": 0.6615384817123413, "best_acc": 0.7153846025466919, "loss": 1066.1829506738377, "epoch_time": 689.3802468776703}, "10": {"global_step": 2850, "best_epoch": 10, "acc": 0.7615384459495544, "best_acc": 0.7615384459495544, "loss": 994.4391687761273, "epoch_time": 685.1730773448944}, "11": {"global_step": 3135, "best_epoch": 10, "acc": 0.7153846025466919, "best_acc": 0.7615384459495544, "loss": 932.1812417013604, "epoch_time": 689.4730355739594}, "12": {"global_step": 3420, "best_epoch": 10, "acc": 0.7230769395828247, "best_acc": 0.7615384459495544, "loss": 878.1637584753204, "epoch_time": 685.6694836616516}, "13": {"global_step": 3705, "best_epoch": 13, "acc": 0.7923076748847961, "best_acc": 0.7923076748847961, "loss": 830.0220698224066, "epoch_time": 686.9850568771362}, "14": {"global_step": 3990, "best_epoch": 13, "acc": 0.7153846025466919, "best_acc": 0.7923076748847961, "loss": 787.8942279672265, "epoch_time": 686.9618587493896}, "15": {"global_step": 4275, "best_epoch": 13, "acc": 0.7846153974533081, "best_acc": 0.7923076748847961, "loss": 749.7358294249417, "epoch_time": 688.6790447235107}, "16": {"global_step": 4560, "best_epoch": 13, "acc": 0.7076923251152039, "best_acc": 0.7923076748847961, "loss": 715.7983984261228, "epoch_time": 687.9312770366669}, "17": {"global_step": 4845, "best_epoch": 13, "acc": 0.7307692170143127, "best_acc": 0.7923076748847961, "loss": 684.3138091773318, "epoch_time": 690.5016736984253}, "18": {"global_step": 5130, "best_epoch": 13, "acc": 0.7384615540504456, "best_acc": 0.7923076748847961, "loss": 655.8461692869547, "epoch_time": 690.1196882724762}, "19": {"global_step": 5415, "best_epoch": 13, "acc": 0.7153846025466919, "best_acc": 0.7923076748847961, "loss": 629.8970404810742, "epoch_time": 690.0530462265015}, "20": {"global_step": 5700, "best_epoch": 13, "acc": 0.7538461685180664, "best_acc": 0.7923076748847961, "loss": 605.6208779786763, "epoch_time": 684.4538114070892}, "21": {"global_step": 5985, "best_epoch": 13, "acc": 0.6692307591438293, "best_acc": 0.7923076748847961, "loss": 583.159451491532, "epoch_time": 688.336409330368}, "22": {"global_step": 6270, "best_epoch": 13, "acc": 0.7538461685180664, "best_acc": 0.7923076748847961, "loss": 135.27377404999314, "epoch_time": 683.9572298526764}, "23": {"global_step": 6555, "best_epoch": 13, "acc": 0.7076923251152039, "best_acc": 0.7923076748847961, "loss": 128.88343728718004, "epoch_time": 687.6808180809021}, "24": {"global_step": 6840, "best_epoch": 13, "acc": 0.6769230961799622, "best_acc": 0.7923076748847961, "loss": 130.03480382105064, "epoch_time": 698.1669354438782}, "25": {"global_step": 7125, "best_epoch": 13, "acc": 0.7461538314819336, "best_acc": 0.7923076748847961, "loss": 122.53640851472554, "epoch_time": 683.7970018386841}, "26": {"global_step": 7410, "best_epoch": 13, "acc": 0.7461538314819336, "best_acc": 0.7923076748847961, "loss": 119.16960685060735, "epoch_time": 679.1273348331451}, "27": {"global_step": 7695, "best_epoch": 13, "acc": 0.7461538314819336, "best_acc": 0.7923076748847961, "loss": 116.02512889438205, "epoch_time": 682.1598048210144}, "28": {"global_step": 7980, "best_epoch": 13, "acc": 0.6846153736114502, "best_acc": 0.7923076748847961, "loss": 114.00057277058002, "epoch_time": 683.8630092144012}, "29": {"global_step": 8265, "best_epoch": 13, "acc": 0.7384615540504456, "best_acc": 0.7923076748847961, "loss": 115.41583083805286, "epoch_time": 683.765209197998}, "30": {"global_step": 8550, "best_epoch": 13, "acc": 0.7307692170143127, "best_acc": 0.7923076748847961, "loss": 112.17392653526619, "epoch_time": 682.2226393222809}, "31": {"global_step": 8835, "best_epoch": 13, "acc": 0.7384615540504456, "best_acc": 0.7923076748847961, "loss": 110.04986871016654, "epoch_time": 683.8221926689148}, "32": {"global_step": 9120, "best_epoch": 13, "acc": 0.692307710647583, "best_acc": 0.7923076748847961, "loss": 106.86463316167561, "epoch_time": 684.3471503257751}, "33": {"global_step": 9405, "best_epoch": 33, "acc": 0.8307692408561707, "best_acc": 0.8307692408561707, "loss": 103.96138976080375, "epoch_time": 690.2224307060242}, "34": {"global_step": 9690, "best_epoch": 33, "acc": 0.7538461685180664, "best_acc": 0.8307692408561707, "loss": 101.93802685602473, "epoch_time": 686.709689617157}, "35": {"global_step": 9975, "best_epoch": 33, "acc": 0.7461538314819336, "best_acc": 0.8307692408561707, "loss": 99.94207028697308, "epoch_time": 685.865180015564}, "36": {"global_step": 10260, "best_epoch": 33, "acc": 0.7846153974533081, "best_acc": 0.8307692408561707, "loss": 98.95343903524834, "epoch_time": 684.5251066684723}, "37": {"global_step": 10545, "best_epoch": 33, "acc": 0.7769230604171753, "best_acc": 0.8307692408561707, "loss": 97.17321547792669, "epoch_time": 688.7618761062622}, "38": {"global_step": 10830, "best_epoch": 33, "acc": 0.692307710647583, "best_acc": 0.8307692408561707, "loss": 95.59328064145933, "epoch_time": 684.6634118556976}, "39": {"global_step": 11115, "best_epoch": 33, "acc": 0.7769230604171753, "best_acc": 0.8307692408561707, "loss": 93.32577840199015, "epoch_time": 685.878760099411}, "40": {"global_step": 11400, "best_epoch": 33, "acc": 0.7538461685180664, "best_acc": 0.8307692408561707, "loss": 91.66679619236996, "epoch_time": 683.59388422966}, "41": {"global_step": 11685, "best_epoch": 33, "acc": 0.8307692408561707, "best_acc": 0.8307692408561707, "loss": 90.26734109242757, "epoch_time": 679.5601227283478}, "42": {"global_step": 11970, "best_epoch": 33, "acc": 0.7692307829856873, "best_acc": 0.8307692408561707, "loss": 94.69789787043904, "epoch_time": 686.2773516178131}, "43": {"global_step": 12255, "best_epoch": 33, "acc": 0.7615384459495544, "best_acc": 0.8307692408561707, "loss": 93.64205930213988, "epoch_time": 685.9210257530212}, "44": {"global_step": 12540, "best_epoch": 33, "acc": 0.7230769395828247, "best_acc": 0.8307692408561707, "loss": 92.23581605965086, "epoch_time": 692.108889579773}, "45": {"global_step": 12825, "best_epoch": 33, "acc": 0.7076923251152039, "best_acc": 0.8307692408561707, "loss": 90.67579524586772, "epoch_time": 686.821311712265}, "46": {"global_step": 13110, "best_epoch": 33, "acc": 0.7307692170143127, "best_acc": 0.8307692408561707, "loss": 89.07570078826369, "epoch_time": 682.8908078670502}, "47": {"global_step": 13395, "best_epoch": 33, "acc": 0.7307692170143127, "best_acc": 0.8307692408561707, "loss": 87.2847386302253, "epoch_time": 684.5660078525543}, "48": {"global_step": 13680, "best_epoch": 33, "acc": 0.7615384459495544, "best_acc": 0.8307692408561707, "loss": 85.49933468383036, "epoch_time": 687.8123438358307}, "49": {"global_step": 13965,