{"1": {"global_step": 285, "best_epoch": 1, "acc": 0.3769230842590332, "best_acc": 0.3769230842590332, "loss": 2268.8078399122805, "epoch_time": 687.6183595657349}, "2": {"global_step": 570, "best_epoch": 2, "acc": 0.39230769872665405, "best_acc": 0.39230769872665405, "loss": 2230.0421412417763, "epoch_time": 684.0375571250916}, "3": {"global_step": 855, "best_epoch": 3, "acc": 0.4076923131942749, "best_acc": 0.4076923131942749, "loss": 2217.119938293814, "epoch_time": 685.1485602855682}, "4": {"global_step": 1140, "best_epoch": 4, "acc": 0.446153849363327, "best_acc": 0.446153849363327, "loss": 2163.2626394171466, "epoch_time": 680.1148345470428}, "5": {"global_step": 1425, "best_epoch": 4, "acc": 0.38461539149284363, "best_acc": 0.446153849363327, "loss": 2083.1728630413927, "epoch_time": 682.8130457401276}, "6": {"global_step": 1710, "best_epoch": 4, "acc": 0.4076923131942749, "best_acc": 0.446153849363327, "loss": 2006.4782803362573, "epoch_time": 684.0302309989929}, "7": {"global_step": 1995, "best_epoch": 4, "acc": 0.39230769872665405, "best_acc": 0.446153849363327, "loss": 1927.7705844812226, "epoch_time": 680.74356508255}, "8": {"global_step": 2280, "best_epoch": 8, "acc": 0.45384615659713745, "best_acc": 0.45384615659713745, "loss": 1850.201696322257, "epoch_time": 683.1576099395752}, "9": {"global_step": 2565, "best_epoch": 9, "acc": 0.5461538434028625, "best_acc": 0.5461538434028625, "loss": 1778.1999945508574, "epoch_time": 679.1415414810181}, "10": {"global_step": 2850, "best_epoch": 9, "acc": 0.4615384638309479, "best_acc": 0.5461538434028625, "loss": 1712.974961901213, "epoch_time": 679.8456854820251}, "11": {"global_step": 3135, "best_epoch": 9, "acc": 0.5461538434028625, "best_acc": 0.5461538434028625, "loss": 1653.6958656323204, "epoch_time": 681.0104067325592}, "12": {"global_step": 3420, "best_epoch": 9, "acc": 0.5461538434028625, "best_acc": 0.5461538434028625, "loss": 1599.499261331837, "epoch_time": 681.2309746742249}, "13": {"global_step": 3705, "best_epoch": 9, "acc": 0.5461538434028625, "best_acc": 0.5461538434028625, "loss": 1547.4745873661016, "epoch_time": 681.7635025978088}, "14": {"global_step": 3990, "best_epoch": 9, "acc": 0.4923076927661896, "best_acc": 0.5461538434028625, "loss": 1498.7919613486843, "epoch_time": 678.8093564510345}, "15": {"global_step": 4275, "best_epoch": 15, "acc": 0.5846154093742371, "best_acc": 0.5846154093742371, "loss": 1453.3546719806516, "epoch_time": 680.314436674118}, "16": {"global_step": 4560, "best_epoch": 15, "acc": 0.5615384578704834, "best_acc": 0.5846154093742371, "loss": 1410.4754260012978, "epoch_time": 681.0398530960083}, "17": {"global_step": 4845, "best_epoch": 15, "acc": 0.5846154093742371, "best_acc": 0.5846154093742371, "loss": 1369.177981690209, "epoch_time": 681.663134098053}, "18": {"global_step": 5130, "best_epoch": 15, "acc": 0.5615384578704834, "best_acc": 0.5846154093742371, "loss": 1330.671081763076, "epoch_time": 681.9293415546417}, "19": {"global_step": 5415, "best_epoch": 19, "acc": 0.5923076868057251, "best_acc": 0.5923076868057251, "loss": 1294.0470832465428, "epoch_time": 691.8159482479095}, "20": {"global_step": 5700, "best_epoch": 20, "acc": 0.6153846383094788, "best_acc": 0.6153846383094788, "loss": 590.3557060375548, "epoch_time": 682.6403496265411}, "21": {"global_step": 5985, "best_epoch": 20, "acc": 0.5384615659713745, "best_acc": 0.6153846383094788, "loss": 568.0358833179139, "epoch_time": 680.7873742580414}, "22": {"global_step": 6270, "best_epoch": 20, "acc": 0.5461538434028625, "best_acc": 0.6153846383094788, "loss": 549.6729238766676, "epoch_time": 680.4209785461426}, "23": {"global_step": 6555, "best_epoch": 20, "acc": 0.5384615659713745, "best_acc": 0.6153846383094788, "loss": 532.2622043810393, "epoch_time": 681.4399654865265}, "24": {"global_step": 6840, "best_epoch": 20, "acc": 0.5230769515037537, "best_acc": 0.6153846383094788, "loss": 516.3359637558251, "epoch_time": 678.7336246967316}, "25": {"global_step": 7125, "best_epoch": 20, "acc": 0.5769230723381042, "best_acc": 0.6153846383094788, "loss": 503.73519906384206, "epoch_time": 678.5484073162079}, "26": {"global_step": 7410, "best_epoch": 20, "acc": 0.5307692289352417, "best_acc": 0.6153846383094788, "loss": 489.2938614847666, "epoch_time": 679.4251701831818}, "27": {"global_step": 7695, "best_epoch": 20, "acc": 0.5769230723381042, "best_acc": 0.6153846383094788, "loss": 476.15464734529195, "epoch_time": 677.5104932785034}, "28": {"global_step": 7980, "best_epoch": 20, "acc": 0.5153846144676208, "best_acc": 0.6153846383094788, "loss": 463.2621207491929, "epoch_time": 679.9426498413086}, "29": {"global_step": 8265, "best_epoch": 20, "acc": 0.5538461804389954, "best_acc": 0.6153846383094788, "loss": 450.57779819957, "epoch_time": 678.3305523395538}, "30": {"global_step": 8550, "best_epoch": 20, "acc": 0.5230769515037537, "best_acc": 0.6153846383094788, "loss": 315.876011630945, "epoch_time": 687.5190963745117}, "31": {"global_step": 8835, "best_epoch": 20, "acc": 0.48461538553237915, "best_acc": 0.6153846383094788, "loss": 311.0067493907192, "epoch_time": 675.495100736618}, "32": {"global_step": 9120, "best_epoch": 20, "acc": 0.5538461804389954, "best_acc": 0.6153846383094788, "loss": 300.975203289902, "epoch_time": 674.8270916938782}, "33": {"global_step": 9405, "best_epoch": 20, "acc": 0.5230769515037537, "best_acc": 0.6153846383094788, "loss": 279.5078149895919, "epoch_time": 682.8266656398773}, "34": {"global_step": 9690, "best_epoch": 20, "acc": 0.5461538434028625, "best_acc": 0.6153846383094788, "loss": 267.9551144427026, "epoch_time": 684.5308420658112}, "35": {"global_step": 9975, "best_epoch": 20, "acc": 0.446153849363327, "best_acc": 0.6153846383094788, "loss": 260.8625721713953, "epoch_time": 681.0516541004181}, "36": {"global_step": 10260, "best_epoch": 20, "acc": 0.5307692289352417, "best_acc": 0.6153846383094788, "loss": 252.69761667351975, "epoch_time": 678.5049102306366}, "37": {"global_step": 10545, "best_epoch": 20, "acc": 0.5538461804389954, "best_acc": 0.6153846383094788, "loss": 245.9725424961737, "epoch_time": 679.4035406112671}, "38": {"global_step": 10830, "best_epoch": 20, "acc": 0.5, "best_acc": 0.6153846383094788, "loss": 209.60809435928078, "epoch_time": 677.6469209194183}, "39": {"global_step": 11115, "best_epoch": 20, "acc": 0.5461538434028625, "best_acc": 0.6153846383094788, "loss": 197.07942484805457, "epoch_time": 927.4474472999573}, "40": {"global_step": 11400, "best_epoch": 20, "acc": 0.5153846144676208, "best_acc": 0.6153846383094788, "loss": 192.41560387862356, "epoch_time": 679.8060891628265}, "41": {"global_step": 11685, "best_epoch": 20, "acc": 0.5, "best_acc": 0.6153846383094788, "loss": 191.0433481517591, "epoch_time": 676.5692167282104}, "42": {"global_step": 11970, "best_epoch": 20, "acc": 0.446153849363327, "best_acc": 0.6153846383094788, "loss": 164.69902303595293, "epoch_time": 712.6736767292023}, "43": {"global_step": 12255, "best_epoch": 20, "acc": 0.42307692766189575, "best_acc": 0.6153846383094788, "loss": 148.4959312305116, "epoch_time": 678.2578132152557}, "44": {"global_step": 12540, "best_epoch": 20, "acc": 0.5384615659713745, "best_acc": 0.6153846383094788, "loss": 144.1345184727719, "epoch_time": 685.0119016170502}, "45": {"global_step": 12825, "best_epoch": 20, "acc": 0.5307692289352417, "best_acc": 0.6153846383094788, "loss": 147.21855591891105, "epoch_time": 685.6039526462555}, "46": {"global_step": 13110, "best_epoch": 20, "acc": 0.4769230782985687, "best_acc": 0.6153846383094788, "loss": 145.61243130198696, "epoch_time": 682.1296644210815}, "47": {"global_step": 13395, "best_epoch": 20, "acc": 0.5538461804389954, "best_acc": 0.6153846383094788, "loss": 143.40326476783082, "epoch_time": 678.8591794967651}, "48": {"global_step": 13680, "best_epoch": 20, "acc": 0.5153846144676208, "best_acc": 0.6153846383094788, "loss": 140.04121070549502, "epoch_time": 679.6745846271515}, "49": {"global_step": 13965, "best_epoch": 20,