{"1": {"global_step": 95, "best_epoch": 1, "acc": 0.4923076927661896, "best_acc": 0.4923076927661896, "loss": 4.491325315676238, "epoch_time": 121.49728894233704}, "2": {"global_step": 190, "best_epoch": 2, "acc": 0.5384615659713745, "best_acc": 0.5384615659713745, "loss": 4.805274816563255, "epoch_time": 121.92921543121338}, "3": {"global_step": 285, "best_epoch": 3, "acc": 0.5846154093742371, "best_acc": 0.5846154093742371, "loss": 4.7723428232628, "epoch_time": 121.90389156341553}, "4": {"global_step": 380, "best_epoch": 3, "acc": 0.5307692289352417, "best_acc": 0.5846154093742371, "loss": 4.709594825067018, "epoch_time": 121.73992204666138}, "5": {"global_step": 475, "best_epoch": 5, "acc": 0.6307692527770996, "best_acc": 0.6307692527770996, "loss": 4.612041857870001, "epoch_time": 121.96619725227356}, "6": {"global_step": 570, "best_epoch": 6, "acc": 0.6384615302085876, "best_acc": 0.6384615302085876, "loss": 4.497435964617813, "epoch_time": 122.00260519981384}, "7": {"global_step": 665, "best_epoch": 6, "acc": 0.6230769157409668, "best_acc": 0.6384615302085876, "loss": 4.3891920355029574, "epoch_time": 121.78149008750916}, "8": {"global_step": 760, "best_epoch": 8, "acc": 0.7461538314819336, "best_acc": 0.7461538314819336, "loss": 4.293348259361166, "epoch_time": 121.90179228782654}, "9": {"global_step": 855, "best_epoch": 8, "acc": 0.692307710647583, "best_acc": 0.7461538314819336, "loss": 4.2011073474995575, "epoch_time": 121.97976970672607}, "10": {"global_step": 950, "best_epoch": 8, "acc": 0.7153846025466919, "best_acc": 0.7461538314819336, "loss": 4.111622213564421, "epoch_time": 122.13360929489136}, "11": {"global_step": 1045, "best_epoch": 8, "acc": 0.6461538672447205, "best_acc": 0.7461538314819336, "loss": 3.217486469369186, "epoch_time": 122.46544694900513}, "12": {"global_step": 1140, "best_epoch": 8, "acc": 0.7384615540504456, "best_acc": 0.7461538314819336, "loss": 3.1494604173459506, "epoch_time": 122.46594405174255}, "13": {"global_step": 1235, "best_epoch": 8, "acc": 0.7153846025466919, "best_acc": 0.7461538314819336, "loss": 3.0139271685951634, "epoch_time": 122.65858602523804}, "14": {"global_step": 1330, "best_epoch": 14, "acc": 0.7769230604171753, "best_acc": 0.7769230604171753, "loss": 2.986006396695187, "epoch_time": 122.33134722709656}, "15": {"global_step": 1425, "best_epoch": 14, "acc": 0.7307692170143127, "best_acc": 0.7769230604171753, "loss": 2.9619129147445946, "epoch_time": 122.66741752624512}, "16": {"global_step": 1520, "best_epoch": 14, "acc": 0.7307692170143127, "best_acc": 0.7769230604171753, "loss": 2.9414962461120204, "epoch_time": 122.46879029273987}, "17": {"global_step": 1615, "best_epoch": 17, "acc": 0.7923076748847961, "best_acc": 0.7923076748847961, "loss": 2.919092758078324, "epoch_time": 122.52899169921875}, "18": {"global_step": 1710, "best_epoch": 17, "acc": 0.7230769395828247, "best_acc": 0.7923076748847961, "loss": 2.8990177455701325, "epoch_time": 122.33102345466614}, "19": {"global_step": 1805, "best_epoch": 17, "acc": 0.7692307829856873, "best_acc": 0.7923076748847961, "loss": 2.887728382591018, "epoch_time": 122.32338786125183}, "20": {"global_step": 1900, "best_epoch": 17, "acc": 0.7769230604171753, "best_acc": 0.7923076748847961, "loss": 2.871791771211122, "epoch_time": 122.39539670944214}, "21": {"global_step": 1995, "best_epoch": 21, "acc": 0.8153846263885498, "best_acc": 0.8153846263885498, "loss": 2.8595899609794393, "epoch_time": 122.68521690368652}, "22": {"global_step": 2090, "best_epoch": 21, "acc": 0.7692307829856873, "best_acc": 0.8153846263885498, "loss": 2.854035980324996, "epoch_time": 122.60500860214233}, "23": {"global_step": 2185, "best_epoch": 21, "acc": 0.7923076748847961, "best_acc": 0.8153846263885498, "loss": 2.839204749650362, "epoch_time": 122.695063829422}, "24": {"global_step": 2280, "best_epoch": 24, "acc": 0.8384615182876587, "best_acc": 0.8384615182876587, "loss": 2.826145332319695, "epoch_time": 122.46233630180359}, "25": {"global_step": 2375, "best_epoch": 24, "acc": 0.800000011920929, "best_acc": 0.8384615182876587, "loss": 2.8128972547739624, "epoch_time": 122.51452875137329}, "26": {"global_step": 2470, "best_epoch": 24, "acc": 0.8230769038200378, "best_acc": 0.8384615182876587, "loss": 2.8006794033193945, "epoch_time": 122.7615909576416}, "27": {"global_step": 2565, "best_epoch": 27, "acc": 0.8538461327552795, "best_acc": 0.8538461327552795, "loss": 2.7863828104420714, "epoch_time": 122.55611634254456}, "28": {"global_step": 2660, "best_epoch": 27, "acc": 0.7923076748847961, "best_acc": 0.8538461327552795, "loss": 2.7787910681806114, "epoch_time": 122.36344122886658}, "29": {"global_step": 2755, "best_epoch": 27, "acc": 0.7769230604171753, "best_acc": 0.8538461327552795, "loss": 2.7718703718008273, "epoch_time": 122.72972106933594}, "30": {"global_step": 2850, "best_epoch": 27, "acc": 0.7846153974533081, "best_acc": 0.8538461327552795, "loss": 2.7642800154044616, "epoch_time": 122.46121430397034}, "31": {"global_step": 2945, "best_epoch": 27, "acc": 0.800000011920929, "best_acc": 0.8538461327552795, "loss": 2.756464002205064, "epoch_time": 122.68263840675354}, "32": {"global_step": 3040, "best_epoch": 27, "acc": 0.807692289352417, "best_acc": 0.8538461327552795, "loss": 2.7503354359300514, "epoch_time": 122.62512969970703}, "33": {"global_step": 3135, "best_epoch": 27, "acc": 0.807692289352417, "best_acc": 0.8538461327552795, "loss": 2.7428087564936856, "epoch_time": 122.76767230033875}, "34": {"global_step": 3230, "best_epoch": 27, "acc": 0.807692289352417, "best_acc": 0.8538461327552795, "loss": 2.737172788238982, "epoch_time": 122.38633418083191}, "35": {"global_step": 3325, "best_epoch": 27, "acc": 0.7846153974533081, "best_acc": 0.8538461327552795, "loss": 2.7285591639970477, "epoch_time": 122.56945013999939}, "36": {"global_step": 3420, "best_epoch": 27, "acc": 0.8384615182876587, "best_acc": 0.8538461327552795, "loss": 2.723841805207102, "epoch_time": 122.4177930355072}, "37": {"global_step": 3515, "best_epoch": 27, "acc": 0.800000011920929, "best_acc": 0.8538461327552795, "loss": 2.7192046127319336, "epoch_time": 122.75477075576782}, "38": {"global_step": 3610, "best_epoch": 27, "acc": 0.8307692408561707, "best_acc": 0.8538461327552795, "loss": 2.7108922972852882, "epoch_time": 122.80144715309143}, "39": {"global_step": 3705, "best_epoch": 27, "acc": 0.7846153974533081, "best_acc": 0.8538461327552795, "loss": 2.703388916261015, "epoch_time": 122.58476042747498}, "40": {"global_step": 3800, "best_epoch": 27, "acc": 0.7769230604171753, "best_acc": 0.8538461327552795, "loss": 2.6997593141588054, "epoch_time": 122.57974529266357}, "41": {"global_step": 3895, "best_epoch": 27, "acc": 0.7692307829856873, "best_acc": 0.8538461327552795, "loss": 2.6924687750326526, "epoch_time": 122.44590878486633}, "42": {"global_step": 3990, "best_epoch": 27, "acc": 0.8153846263885498, "best_acc": 0.8538461327552795, "loss": 2.688123717224389, "epoch_time": 122.63240694999695}, "43": {"global_step": 4085, "best_epoch": 27, "acc": 0.7846153974533081, "best_acc": 0.8538461327552795, "loss": 2.682800084342374, "epoch_time": 122.30151653289795}, "44": {"global_step": 4180, "best_epoch": 27, "acc": 0.7923076748847961, "best_acc": 0.8538461327552795, "loss": 2.67894708475, "epoch_time": 122.34376859664917}, "45": {"global_step": 4275, "best_epoch": 27, "acc": 0.8307692408561707, "best_acc": 0.8538461327552795, "loss": 2.6732872652285025, "epoch_time": 122.57343339920044}, "46": {"global_step": 4370, "best_epoch": 27, "acc": 0.7307692170143127, "best_acc": 0.8538461327552795, "loss": 2.667726012169392, "epoch_time": 122.64145731925964}, "47": {"global_step": 4465, "best_epoch": 27, "acc": 0.8153846263885498, "best_acc": 0.8538461327552795, "loss": 2.664300098311632, "epoch_time": 122.32505536079407}, "48": {"global_step": 4560, "best_epoch": 27, "acc": 0.8538461327552795, "best_acc": 0.8538461327552795, "loss": 2.6594302702716917, "epoch_time": 122.72126650810242},