{"1": {"global_step": 380, "best_epoch": 1, "acc": 0.5230769515037537, "best_acc": 0.5230769515037537, "loss": 1970.4948579487047, "epoch_time": 739.0335519313812}, "2": {"global_step": 760, "best_epoch": 2, "acc": 0.5461538434028625, "best_acc": 0.5461538434028625, "loss": 1523.2431024651778, "epoch_time": 740.0656492710114}, "3": {"global_step": 1140, "best_epoch": 3, "acc": 0.6384615302085876, "best_acc": 0.6384615302085876, "loss": 1267.5340594910738, "epoch_time": 740.8814628124237}, "4": {"global_step": 1520, "best_epoch": 4, "acc": 0.7846153974533081, "best_acc": 0.7846153974533081, "loss": 1093.8359274111297, "epoch_time": 739.6374695301056}, "5": {"global_step": 1900, "best_epoch": 4, "acc": 0.7769230604171753, "best_acc": 0.7846153974533081, "loss": 967.9283867926347, "epoch_time": 740.0342698097229}, "6": {"global_step": 2280, "best_epoch": 4, "acc": 0.7846153974533081, "best_acc": 0.7846153974533081, "loss": 871.2772568016721, "epoch_time": 739.7495214939117}, "7": {"global_step": 2660, "best_epoch": 4, "acc": 0.7461538314819336, "best_acc": 0.7846153974533081, "loss": 791.4760518812595, "epoch_time": 739.7876176834106}, "8": {"global_step": 3040, "best_epoch": 8, "acc": 0.807692289352417, "best_acc": 0.807692289352417, "loss": 726.7822242159592, "epoch_time": 740.4075224399567}, "9": {"global_step": 3420, "best_epoch": 8, "acc": 0.800000011920929, "best_acc": 0.807692289352417, "loss": 245.14849815368652, "epoch_time": 736.7937979698181}, "10": {"global_step": 3800, "best_epoch": 8, "acc": 0.7769230604171753, "best_acc": 0.807692289352417, "loss": 228.5030817232634, "epoch_time": 738.305403470993}, "11": {"global_step": 4180, "best_epoch": 11, "acc": 0.8307692408561707, "best_acc": 0.8307692408561707, "loss": 214.59636828104655, "epoch_time": 738.6167178153992}, "12": {"global_step": 4560, "best_epoch": 11, "acc": 0.7615384459495544, "best_acc": 0.8307692408561707, "loss": 205.11448788391917, "epoch_time": 738.5535264015198}, "13": {"global_step": 4940, "best_epoch": 11, "acc": 0.800000011920929, "best_acc": 0.8307692408561707, "loss": 195.96926554629678, "epoch_time": 738.8439934253693}, "14": {"global_step": 5320, "best_epoch": 11, "acc": 0.7461538314819336, "best_acc": 0.8307692408561707, "loss": 187.26341575990642, "epoch_time": 738.7193083763123}, "15": {"global_step": 5700, "best_epoch": 11, "acc": 0.7307692170143127, "best_acc": 0.8307692408561707, "loss": 124.36927764290257, "epoch_time": 737.4290227890015}, "16": {"global_step": 6080, "best_epoch": 11, "acc": 0.7307692170143127, "best_acc": 0.8307692408561707, "loss": 121.94523712961298, "epoch_time": 737.4241127967834}, "17": {"global_step": 6460, "best_epoch": 11, "acc": 0.7615384459495544, "best_acc": 0.8307692408561707, "loss": 116.28021346309728, "epoch_time": 738.3402903079987}, "18": {"global_step": 6840, "best_epoch": 11, "acc": 0.7615384459495544, "best_acc": 0.8307692408561707, "loss": 112.80502398139552, "epoch_time": 737.1195933818817}, "19": {"global_step": 7220, "best_epoch": 11, "acc": 0.7461538314819336, "best_acc": 0.8307692408561707, "loss": 110.44448784777993, "epoch_time": 737.3108785152435}, "20": {"global_step": 7600, "best_epoch": 11, "acc": 0.7153846025466919, "best_acc": 0.8307692408561707, "loss": 107.50407466553806, "epoch_time": 737.7129476070404}, "21": {"global_step": 7980, "best_epoch": 11, "acc": 0.800000011920929, "best_acc": 0.8307692408561707, "loss": 103.90852079391479, "epoch_time": 736.7216062545776}, "22": {"global_step": 8360, "best_epoch": 11, "acc": 0.7076923251152039, "best_acc": 0.8307692408561707, "loss": 100.73413711221595, "epoch_time": 736.6638345718384}, "23": {"global_step": 8740, "best_epoch": 11, "acc": 0.7384615540504456, "best_acc": 0.8307692408561707, "loss": 99.11067971012048, "epoch_time": 736.6491825580597}, "24": {"global_step": 9120, "best_epoch": 11, "acc": 0.7538461685180664, "best_acc": 0.8307692408561707, "loss": 97.21916436345954, "epoch_time": 736.7324423789978}, "25": {"global_step": 9500, "best_epoch": 11, "acc": 0.800000011920929, "best_acc": 0.8307692408561707, "loss": 94.43741228842849, "epoch_time": 737.5505661964417}, "26": {"global_step": 9880, "best_epoch": 11, "acc": 0.7846153974533081, "best_acc": 0.8307692408561707, "loss": 92.13852719047614, "epoch_time": 738.6301028728485}, "27": {"global_step": 10260, "best_epoch": 11, "acc": 0.7230769395828247, "best_acc": 0.8307692408561707, "loss": 90.70494283452207, "epoch_time": 739.974910736084}, "28": {"global_step": 10640, "best_epoch": 11, "acc": 0.7769230604171753, "best_acc": 0.8307692408561707, "loss": 88.98270357533505, "epoch_time": 739.7770748138428}, "29": {"global_step": 11020, "best_epoch": 11, "acc": 0.7846153974533081, "best_acc": 0.8307692408561707, "loss": 86.86019867261251, "epoch_time": 739.2809672355652}, "30": {"global_step": 11400, "best_epoch": 11, "acc": 0.8230769038200378, "best_acc": 0.8307692408561707, "loss": 85.61105055887448, "epoch_time": 739.707249879837}, "31": {"global_step": 11780, "best_epoch": 31, "acc": 0.8461538553237915, "best_acc": 0.8461538553237915, "loss": 83.83094579103192, "epoch_time": 739.553685426712}, "32": {"global_step": 12160, "best_epoch": 31, "acc": 0.7923076748847961, "best_acc": 0.8461538553237915, "loss": 81.71218775001883, "epoch_time": 739.755286693573}, "33": {"global_step": 12540, "best_epoch": 31, "acc": 0.800000011920929, "best_acc": 0.8461538553237915, "loss": 80.4466032596176, "epoch_time": 739.8246083259583}, "34": {"global_step": 12920, "best_epoch": 31, "acc": 0.7461538314819336, "best_acc": 0.8461538553237915, "loss": 61.579837299648084, "epoch_time": 739.4479801654816}, "35": {"global_step": 13300, "best_epoch": 31, "acc": 0.8153846263885498, "best_acc": 0.8461538553237915, "loss": 55.50470739414818, "epoch_time": 739.4137654304504}, "36": {"global_step": 13680, "best_epoch": 31, "acc": 0.7384615540504456, "best_acc": 0.8461538553237915, "loss": 48.51405391944082, "epoch_time": 743.4326686859131}, "37": {"global_step": 14060, "best_epoch": 31, "acc": 0.7923076748847961, "best_acc": 0.8461538553237915, "loss": 44.967651476358114, "epoch_time": 743.9378895759583}, "38": {"global_step": 14440, "best_epoch": 31, "acc": 0.8230769038200378, "best_acc": 0.8461538553237915, "loss": 46.75955875129031, "epoch_time": 743.6875762939453}, "39": {"global_step": 14820, "best_epoch": 31, "acc": 0.7230769395828247, "best_acc": 0.8461538553237915, "loss": 45.787659119304855, "epoch_time": 743.938622713089}, "40": {"global_step": 15200, "best_epoch": 31, "acc": 0.7307692170143127, "best_acc": 0.8461538553237915, "loss": 46.85176689248336, "epoch_time": 744.6242775917053}, "41": {"global_step": 15580, "best_epoch": 31, "acc": 0.8153846263885498, "best_acc": 0.8461538553237915, "loss": 47.86864715040776, "epoch_time": 744.6137883663177}, "42": {"global_step": 15960, "best_epoch": 31, "acc": 0.7923076748847961, "best_acc": 0.8461538553237915, "loss": 52.55319792345951, "epoch_time": 739.8559131622314}, "43": {"global_step": 16340, "best_epoch": 31, "acc": 0.7692307829856873, "best_acc": 0.8461538553237915, "loss": 46.34718144818356, "epoch_time": 740.3844363689423}, "44": {"global_step": 16720, "best_epoch": 31, "acc": 0.7461538314819336, "best_acc": 0.8461538553237915, "loss": 44.45382053977565, "epoch_time": 740.5783133506775}, "45": {"global_step": 17100, "best_epoch": 31, "acc": 0.7461538314819336, "best_acc": 0.8461538553237915, "loss": 42.830607056304025, "epoch_time": 740.1662175655365}, "46": {"global_step": 17480, "best_epoch": 31, "acc": 0.7846153974533081, "best_acc": 0.8461538553237915, "loss": 41.02097495505684, "epoch_time": 740.4269042015076}, "47": {"global_step": 17860, "best_epoch": 31, "acc": 0.7692307829856873, "best_acc": 0.8461538553237915, "loss": 39.67027148928559, "epoch_time": 741.3346180915833}, "48": {"global_step": 18240, "best_epoch": 31, "acc": 0.7615384459495544, "best_acc": 0.8461538553237915, "loss": 41.9072450757923, "epoch_time": 740.5400404930115},