{"1": {"global_step": 285, "best_epoch": 1, "acc": 0.3769230842590332, "best_acc": 0.3769230842590332, "loss": 2180.2606462445174, "epoch_time": 694.5437412261963}, "2": {"global_step": 570, "best_epoch": 1, "acc": 0.33076924085617065, "best_acc": 0.3769230842590332, "loss": 2141.6920258103755, "epoch_time": 686.2226185798645}, "3": {"global_step": 855, "best_epoch": 3, "acc": 0.4923076927661896, "best_acc": 0.4923076927661896, "loss": 1932.2761585257904, "epoch_time": 686.9784479141235}, "4": {"global_step": 1140, "best_epoch": 4, "acc": 0.5923076868057251, "best_acc": 0.5923076868057251, "loss": 1694.763742172509, "epoch_time": 688.7737202644348}, "5": {"global_step": 1425, "best_epoch": 4, "acc": 0.5769230723381042, "best_acc": 0.5923076868057251, "loss": 1512.0646461460046, "epoch_time": 692.1165869235992}, "6": {"global_step": 1710, "best_epoch": 6, "acc": 0.7153846025466919, "best_acc": 0.7153846025466919, "loss": 1365.5576713695862, "epoch_time": 690.3885452747345}, "7": {"global_step": 1995, "best_epoch": 6, "acc": 0.6461538672447205, "best_acc": 0.7153846025466919, "loss": 1248.5268125605762, "epoch_time": 687.6634745597839}, "8": {"global_step": 2280, "best_epoch": 6, "acc": 0.6692307591438293, "best_acc": 0.7153846025466919, "loss": 1150.1152514407509, "epoch_time": 688.100031375885}, "9": {"global_step": 2565, "best_epoch": 6, "acc": 0.6615384817123413, "best_acc": 0.7153846025466919, "loss": 1066.1829506738377, "epoch_time": 686.6143336296082}, "10": {"global_step": 2850, "best_epoch": 10, "acc": 0.7615384459495544, "best_acc": 0.7615384459495544, "loss": 994.4391687761273, "epoch_time": 683.5437200069427}, "11": {"global_step": 3135, "best_epoch": 10, "acc": 0.7153846025466919, "best_acc": 0.7615384459495544, "loss": 932.1812417013604, "epoch_time": 690.8027863502502}, "12": {"global_step": 3420, "best_epoch": 10, "acc": 0.7230769395828247, "best_acc": 0.7615384459495544, "loss": 878.1637584753204, "epoch_time": 686.5370569229126}, "13": {"global_step": 3705, "best_epoch": 13, "acc": 0.7923076748847961, "best_acc": 0.7923076748847961, "loss": 830.0220698224066, "epoch_time": 685.986768245697}, "14": {"global_step": 3990, "best_epoch": 13, "acc": 0.7153846025466919, "best_acc": 0.7923076748847961, "loss": 787.8942279672265, "epoch_time": 688.3377869129181}, "15": {"global_step": 4275, "best_epoch": 13, "acc": 0.7846153974533081, "best_acc": 0.7923076748847961, "loss": 749.7358294249417, "epoch_time": 686.7734682559967}, "16": {"global_step": 4560, "best_epoch": 13, "acc": 0.7076923251152039, "best_acc": 0.7923076748847961, "loss": 715.7983984261228, "epoch_time": 686.335634469986}, "17": {"global_step": 4845, "best_epoch": 13, "acc": 0.7307692170143127, "best_acc": 0.7923076748847961, "loss": 684.3138091773318, "epoch_time": 683.076201915741}, "18": {"global_step": 5130, "best_epoch": 13, "acc": 0.7384615540504456, "best_acc": 0.7923076748847961, "loss": 655.8461692869547, "epoch_time": 687.9244801998138}, "19": {"global_step": 5415, "best_epoch": 13, "acc": 0.7153846025466919, "best_acc": 0.7923076748847961, "loss": 629.8970404810742, "epoch_time": 687.0113279819489}, "20": {"global_step": 5700, "best_epoch": 13, "acc": 0.7538461685180664, "best_acc": 0.7923076748847961, "loss": 605.6208779786763, "epoch_time": 684.0757160186768}, "21": {"global_step": 5985, "best_epoch": 13, "acc": 0.6692307591438293, "best_acc": 0.7923076748847961, "loss": 583.159451491532, "epoch_time": 689.4869105815887}, "22": {"global_step": 6270, "best_epoch": 13, "acc": 0.7769230604171753, "best_acc": 0.7923076748847961, "loss": 562.5155001352848, "epoch_time": 693.016987323761}, "23": {"global_step": 6555, "best_epoch": 13, "acc": 0.699999988079071, "best_acc": 0.7923076748847961, "loss": 543.6022249199979, "epoch_time": 688.6331384181976}, "24": {"global_step": 6840, "best_epoch": 13, "acc": 0.692307710647583, "best_acc": 0.7923076748847961, "loss": 526.0533028122975, "epoch_time": 682.463906288147}, "25": {"global_step": 7125, "best_epoch": 13, "acc": 0.7769230604171753, "best_acc": 0.7923076748847961, "loss": 510.49915499342535, "epoch_time": 687.2892127037048}, "26": {"global_step": 7410, "best_epoch": 13, "acc": 0.7692307829856873, "best_acc": 0.7923076748847961, "loss": 494.6505088775264, "epoch_time": 708.5045583248138}, "27": {"global_step": 7695, "best_epoch": 13, "acc": 0.6846153736114502, "best_acc": 0.7923076748847961, "loss": 479.8111802937072, "epoch_time": 687.9122531414032}, "28": {"global_step": 7980, "best_epoch": 28, "acc": 0.8153846263885498, "best_acc": 0.8153846263885498, "loss": 466.0797637547467, "epoch_time": 687.7584116458893}, "29": {"global_step": 8265, "best_epoch": 28, "acc": 0.7615384459495544, "best_acc": 0.8153846263885498, "loss": 453.33171943299925, "epoch_time": 686.226402759552}, "30": {"global_step": 8550, "best_epoch": 28, "acc": 0.7384615540504456, "best_acc": 0.8153846263885498, "loss": 441.2255382850156, "epoch_time": 685.367593050003}, "31": {"global_step": 8835, "best_epoch": 28, "acc": 0.7384615540504456, "best_acc": 0.8153846263885498, "loss": 429.5343061826023, "epoch_time": 686.80721616745}, "32": {"global_step": 9120, "best_epoch": 28, "acc": 0.807692289352417, "best_acc": 0.8153846263885498, "loss": 418.5734990199407, "epoch_time": 685.1762039661407}, "33": {"global_step": 9405, "best_epoch": 28, "acc": 0.7076923251152039, "best_acc": 0.8153846263885498, "loss": 410.7433687886426, "epoch_time": 683.8746304512024}, "34": {"global_step": 9690, "best_epoch": 28, "acc": 0.7307692170143127, "best_acc": 0.8153846263885498, "loss": 401.79838583742503, "epoch_time": 686.8724834918976}, "35": {"global_step": 9975, "best_epoch": 28, "acc": 0.7923076748847961, "best_acc": 0.8153846263885498, "loss": 392.858238222127, "epoch_time": 688.1194915771484}, "36": {"global_step": 10260, "best_epoch": 28, "acc": 0.7384615540504456, "best_acc": 0.8153846263885498, "loss": 383.75118885058873, "epoch_time": 686.7055556774139}, "37": {"global_step": 10545, "best_epoch": 28, "acc": 0.8153846263885498, "best_acc": 0.8153846263885498, "loss": 375.33468845289656, "epoch_time": 684.3273012638092}, "38": {"global_step": 10830, "best_epoch": 28, "acc": 0.7307692170143127, "best_acc": 0.8153846263885498, "loss": 367.0554001794958, "epoch_time": 687.00825715065}, "39": {"global_step": 11115, "best_epoch": 28, "acc": 0.7769230604171753, "best_acc": 0.8153846263885498, "loss": 359.25242167570224, "epoch_time": 689.4638483524323}, "40": {"global_step": 11400, "best_epoch": 28, "acc": 0.7153846025466919, "best_acc": 0.8153846263885498, "loss": 351.8629589855462, "epoch_time": 686.8978605270386}, "41": {"global_step": 11685, "best_epoch": 28, "acc": 0.7230769395828247, "best_acc": 0.8153846263885498, "loss": 344.98344996611075, "epoch_time": 698.5970413684845}, "42": {"global_step": 11970, "best_epoch": 28, "acc": 0.7769230604171753, "best_acc": 0.8153846263885498, "loss": 338.19391637449974, "epoch_time": 685.8132054805756}, "43": {"global_step": 12255, "best_epoch": 28, "acc": 0.7461538314819336, "best_acc": 0.8153846263885498, "loss": 331.71901504535276, "epoch_time": 690.7968521118164}, "44": {"global_step": 12540, "best_epoch": 28, "acc": 0.7153846025466919, "best_acc": 0.8153846263885498, "loss": 325.36981699485716, "epoch_time": 683.0891904830933}, "45": {"global_step": 12825, "best_epoch": 28, "acc": 0.6846153736114502, "best_acc": 0.8153846263885498, "loss": 319.6274042628476, "epoch_time": 693.9772944450378}, "46": {"global_step": 13110, "best_epoch": 28, "acc": 0.7230769395828247, "best_acc": 0.8153846263885498, "loss": 313.89306656643237, "epoch_time": 684.6499683856964}, "47": {"global_step": 13395, "best_epoch": 28, "acc": 0.7615384459495544, "best_acc": 0.8153846263885498, "loss": 308.5279265780732, "epoch_time": 686.9492478370667}, "48": {"global_step": 13680, "best_epoch": 28, "acc": 0.7461538314819336, "best_acc": 0.8153846263885498, "loss": 303.11551628321934, "epoch_time": 687.3291263580322}, "49": {"global_step": 13965,